<?xml version="1.0" encoding="UTF-8"?><?xml-stylesheet type="text/css" href="idempiereDocument.css"?><idempiereDocument>
    <header>RED1NINJA Package Description</header>
    <H1>Package Name:</H1>
    <packagename>RED1NINJA</packagename>
    <H1>Author:</H1>
    <Name:/>
    <H1>Email Address:</H1>
    <Email>red1org@gmail.com</Email>
    <H1>Created:</H1>
    <Date>2016-10-25 08:10:21.683</Date>
    <H1>Updated:</H1>
    <Date>2016-11-15 20:48:38.949</Date>
    <H1>Description:</H1>
    <description>Refer http://red1.org/adempiere/viewtopic.php?f=45&amp;t=1831 forum for update and guidance.  </description>
    <H1>Instructions:</H1>
    <instructions/>
    <H1>Files in Package:</H1>
    <file>File: PackOut.xml</file>
    <filedirectory>Directory: \dict\</filedirectory>
    <filenotes>Notes: Contains all application/object settings for package</filenotes>
    <H1>Client:</H1>
    <Client>0-SYSTEM-System</Client>
</idempiereDocument>
