<?xml version="1.0" encoding="UTF-8"?><idempiere Name="ExcelNinja" Version="1" idempiereVersion="" DataBaseVersion="" Description="" Author="" AuthorEmail="" CreatedDate="2019-01-28 05:00:30.758" UpdatedDate="2019-01-28 05:00:30.758" PackOutVersion="100" UpdateDictionary="false" Client="0-SYSTEM-System" AD_Client_UU="11237b53-9592-4af1-b3c5-afd216514b5d">
    <AD_Process type="table">
        <AD_Client_ID>0</AD_Client_ID>
        <AD_Org_ID>0</AD_Org_ID>
        <IsActive>Y</IsActive>
        <Name>Excel Ninja</Name>
        <Description>To Import Ninja Excel directly</Description>
        <Help/>
        <ProcedureName/>
        <IsReport>N</IsReport>
        <Value>ExcelNinja</Value>
        <IsDirectPrint>N</IsDirectPrint>
        <AD_ReportView_ID reference="id"/>
        <Classname>org.ninja.process.ExcelNinja</Classname>
        <AccessLevel>7</AccessLevel>
        <EntityType>U</EntityType>
        <Statistic_Count/>
        <Statistic_Seconds/>
        <AD_PrintFormat_ID reference="id"/>
        <WorkflowValue/>
        <AD_Workflow_ID reference="id"/>
        <IsBetaFunctionality>N</IsBetaFunctionality>
        <IsServerProcess>N</IsServerProcess>
        <ShowHelp>Y</ShowHelp>
        <JasperReport/>
        <AD_Form_ID reference="id"/>
        <CopyFromProcess/>
        <AD_Process_UU>ed6790c5-8fff-438c-a092-3855525961a7</AD_Process_UU>
        <AD_CtxHelp_ID reference="id"/>
        <ExecutionType/>
        <AllowMultipleExecution>P</AllowMultipleExecution>
        <AD_Process_Para type="table">
            <AD_Client_ID>0</AD_Client_ID>
            <AD_Org_ID>0</AD_Org_ID>
            <IsActive>Y</IsActive>
            <Name>File_Directory</Name>
            <Description/>
            <Help/>
            <AD_Process_ID reference="uuid" reference-key="AD_Process">ed6790c5-8fff-438c-a092-3855525961a7</AD_Process_ID>
            <SeqNo>10</SeqNo>
            <AD_Reference_ID reference="id">10</AD_Reference_ID>
            <AD_Reference_Value_ID reference="id"/>
            <IsRange>N</IsRange>
            <AD_Val_Rule_ID reference="id"/>
            <FieldLength>0</FieldLength>
            <IsMandatory>N</IsMandatory>
            <DefaultValue/>
            <VFormat/>
            <ValueMin/>
            <ValueMax/>
            <ColumnName>File_Directory</ColumnName>
            <DefaultValue2/>
            <IsCentrallyMaintained>Y</IsCentrallyMaintained>
            <EntityType>U</EntityType>
            <AD_Element_ID reference="id">50022</AD_Element_ID>
            <ReadOnlyLogic/>
            <DisplayLogic/>
            <AD_Process_Para_UU>0f62dc93-3a73-4f04-8274-a937e120957e</AD_Process_Para_UU>
            <IsEncrypted>N</IsEncrypted>
            <MandatoryLogic/>
            <Placeholder/>
            <Placeholder2/>
        </AD_Process_Para>
    </AD_Process>
    <AD_ToolBarButton type="table">
        <AD_Client_ID>0</AD_Client_ID>
        <AD_Org_ID>0</AD_Org_ID>
        <ComponentName>ExcelNinja</ComponentName>
        <IsActive>Y</IsActive>
        <Name>ExcelNinja</Name>
        <IsCustomization>N</IsCustomization>
        <ActionClassName/>
        <ActionName/>
        <KeyStroke_KeyCode/>
        <KeyStroke_Modifiers/>
        <AD_ToolBarButton_UU>374a7aed-59bd-4b21-a264-fdf48630db4d</AD_ToolBarButton_UU>
        <Action>W</Action>
        <AD_Tab_ID reference="uuid" reference-key="AD_Tab">9e108884-2c20-4607-b18a-a18a8e03ff38</AD_Tab_ID>
        <AD_Process_ID reference="uuid" reference-key="AD_Process">ed6790c5-8fff-438c-a092-3855525961a7</AD_Process_ID>
        <DisplayLogic/>
        <SeqNo>0</SeqNo>
        <IsAdvancedButton>N</IsAdvancedButton>
        <IsAddSeparator>N</IsAddSeparator>
    </AD_ToolBarButton>
</idempiere>
