<?xml version="1.0" encoding="UTF-8"?><idempiere Name="KDBForms" Version="1.0.1" idempiereVersion="" DataBaseVersion="" Description="" Author="" AuthorEmail="" CreatedDate="2018-03-22 11:31:55.991" UpdatedDate="2018-03-22 11:34:37.131" PackOutVersion="100" UpdateDictionary="false" Client="0-SYSTEM-System" AD_Client_UU="11237b53-9592-4af1-b3c5-afd216514b5d">
    <AD_Form type="table">
        <AD_Client_ID>0</AD_Client_ID>
        <AD_Org_ID>0</AD_Org_ID>
        <IsActive>Y</IsActive>
        <Name>Kanban Board</Name>
        <Description/>
        <Help/>
        <Classname>org.kanban.webui.apps.form.WKanbanBoard</Classname>
        <AccessLevel>6</AccessLevel>
        <EntityType>KDB</EntityType>
        <IsBetaFunctionality>N</IsBetaFunctionality>
        <JSPURL/>
        <AD_Form_UU>88794bd2-c93e-4037-a915-dd0d01288702</AD_Form_UU>
        <AD_CtxHelp_ID reference="id"/>
        <AD_Form_Trl type="translation">
            <Help/>
            <Description/>
            <Name>Tablero Kanban</Name>
            <AD_Language>es_CO</AD_Language>
            <IsActive>Y</IsActive>
            <IsTranslated>Y</IsTranslated>
        </AD_Form_Trl>
    </AD_Form>
    <AD_Form type="table">
        <AD_Client_ID>0</AD_Client_ID>
        <AD_Org_ID>0</AD_Org_ID>
        <IsActive>Y</IsActive>
        <Name>Kanban Status Configuration</Name>
        <Description/>
        <Help/>
        <Classname>org.kanban.webui.apps.form.WKanbanStatus</Classname>
        <AccessLevel>6</AccessLevel>
        <EntityType>KDB</EntityType>
        <IsBetaFunctionality>N</IsBetaFunctionality>
        <JSPURL/>
        <AD_Form_UU>d273ef45-6b9a-40c5-88c4-3766df7590e9</AD_Form_UU>
        <AD_CtxHelp_ID reference="id"/>
        <AD_Form_Trl type="translation">
            <Help/>
            <Description/>
            <Name>Configuración Estados Kanban</Name>
            <AD_Language>es_CO</AD_Language>
            <IsActive>Y</IsActive>
            <IsTranslated>Y</IsTranslated>
        </AD_Form_Trl>
    </AD_Form>
</idempiere>
